id,MLM,HLM
TEST_000,3.6439002,7.3084316
TEST_001,3.6439002,27.556757
TEST_002,10.632557,70.81777
TEST_003,12.305541,10.966322
TEST_004,10.304384,3.6439002
TEST_005,27.141966,34.732914
TEST_006,20.427916,50.610302
TEST_007,65.12023,10.024645
TEST_008,20.990767,32.303
TEST_009,24.521826,26.733511
TEST_010,44.497383,15.143775
TEST_011,35.32581,14.972719
TEST_012,59.04939,3.6439002
TEST_013,63.00438,6.4
TEST_014,3.6439002,6.2804894
TEST_015,4.4798107,9.807252
TEST_016,38.85004,13.494356
TEST_017,14.9082575,20.700953
TEST_018,14.140589,40.363853
TEST_019,16.38097,11.12937
TEST_020,41.967842,42.708977
TEST_021,30.063967,5.211736
TEST_022,17.999638,12.220465
TEST_023,28.650812,54.142597
TEST_024,48.38407,32.42032
TEST_025,19.41693,3.6439002
TEST_026,3.6439002,23.209616
TEST_027,20.700953,21.801573
TEST_028,3.6439002,3.6439002
TEST_029,45.309486,6.001593
TEST_030,3.6439002,5.4379387
TEST_031,23.456905,4.834061
TEST_032,17.43252,36.49389
TEST_033,26.08251,11.511405
TEST_034,4.46906,16.470146
TEST_035,12.942671,20.427916
TEST_036,4.129835,42.784317
TEST_037,3.6439002,5.8840904
TEST_038,54.368935,31.001072
TEST_039,23.492983,21.358694
TEST_040,29.234316,32.402943
TEST_041,26.247704,14.6129055
TEST_042,27.992134,45.702206
TEST_043,39.31268,39.566563
TEST_044,23.336637,12.942671
TEST_045,17.365414,21.708786
TEST_046,3.6439002,26.663988
TEST_047,52.451065,13.268237
TEST_048,11.460821,42.19121
TEST_049,25.697811,16.302814
TEST_050,16.643555,35.74973
TEST_051,33.343353,4.9000034
TEST_052,35.10801,41.508083
TEST_053,29.756887,7.523961
TEST_054,4.314989,3.6439002
TEST_055,3.6439002,19.292597
TEST_056,3.6439002,10.843322
TEST_057,35.958157,28.650812
TEST_058,11.384538,37.783646
TEST_059,9.920935,34.819855
TEST_060,7.338348,22.53998
TEST_061,12.812012,3.6439002
TEST_062,3.6439002,34.921173
TEST_063,3.6439002,54.129684
TEST_064,31.83721,48.762356
TEST_065,48.714466,4.4798107
TEST_066,13.449547,33.904694
TEST_067,40.363853,30.806555
TEST_068,15.694396,20.512615
TEST_069,6.7269464,8.370075
TEST_070,3.6439002,39.946503
TEST_071,12.311162,37.245518
TEST_072,12.713129,23.456905
TEST_073,4.012829,13.853553
TEST_074,35.749767,45.56384
TEST_075,61.884422,5.7259593
TEST_076,28.326502,11.646543
TEST_077,7.496338,3.6439002
TEST_078,61.659386,85.90957
TEST_079,25.73284,3.6439002
TEST_080,3.6712077,28.178223
TEST_081,19.508587,3.6439002
TEST_082,3.6439002,12.334518
TEST_083,7.5854177,6.987406
TEST_084,6.300762,12.3643875
TEST_085,85.90957,34.098026
TEST_086,4.9000034,16.968494
TEST_087,3.6439002,30.471441
TEST_088,44.238514,4.7401567
TEST_089,6.2804894,34.539986
TEST_090,34.732914,5.533657
TEST_091,19.81661,74.23086
TEST_092,22.36093,16.711939
TEST_093,25.524696,4.42661
TEST_094,33.638245,26.58592
TEST_095,12.220465,12.370397
TEST_096,23.152685,34.05118
TEST_097,8.909269,13.33539
TEST_098,14.9206505,24.195198
TEST_099,20.184925,36.789726
TEST_100,3.6439002,14.833969
TEST_101,7.101351,53.700195
TEST_102,5.812046,10.087399
TEST_103,6.9981413,37.531322
TEST_104,52.29613,3.6439002
TEST_105,8.917649,20.290567
TEST_106,3.6439002,25.73284
TEST_107,23.209616,83.81156
TEST_108,22.063486,21.74336
TEST_109,23.313526,20.990767
TEST_110,11.651298,3.6439002
TEST_111,7.289941,12.440968
TEST_112,12.982463,15.083166
TEST_113,6.3850737,11.943916
TEST_114,8.804846,7.338348
TEST_115,45.563595,26.95402
TEST_116,35.479298,21.504461
TEST_117,38.543854,12.812012
TEST_118,24.990974,3.6439002
TEST_119,15.912696,11.460821
TEST_120,31.165903,32.245495
TEST_121,8.076097,25.860655
TEST_122,19.97563,12.393631
TEST_123,10.024645,46.161858
TEST_124,10.551024,27.141966
TEST_125,29.284748,14.991116
TEST_126,3.6439002,15.004831
TEST_127,15.822207,54.957745
TEST_128,41.434395,3.6439002
TEST_129,3.6439002,15.246498
TEST_130,59.740295,65.12023
TEST_131,8.35436,48.379265
TEST_132,3.6439002,3.6439002
TEST_133,63.45991,9.517785
TEST_134,24.020914,13.449547
TEST_135,16.27301,38.477833
TEST_136,6.001593,19.879929
TEST_137,42.860836,12.982463
TEST_138,12.026046,6.2335014
TEST_139,20.442207,4.875252
TEST_140,12.370397,18.884647
TEST_141,22.171782,29.703768
TEST_142,24.697744,11.141094
TEST_143,17.34612,59.04939
TEST_144,17.321728,6.928091
TEST_145,8.279891,36.57346
TEST_146,17.463837,12.316892
TEST_147,31.225256,33.638245
TEST_148,3.6439002,25.913057
TEST_149,3.6439002,5.7050543
TEST_150,18.85012,12.075073
TEST_151,30.400335,48.38407
TEST_152,49.216362,8.804846
TEST_153,13.481516,48.11664
TEST_154,35.091618,33.846043
TEST_155,26.663988,59.35139
TEST_156,23.95289,32.19703
TEST_157,34.098026,10.198544
TEST_158,29.703768,25.99932
TEST_159,10.528684,13.03757
TEST_160,5.209754,29.758776
TEST_161,24.848907,30.402275
TEST_162,20.126509,23.313526
TEST_163,14.613318,6.121674
TEST_164,18.887287,4.314989
TEST_165,16.714695,41.9698
TEST_166,4.5488577,23.603287
TEST_167,3.6439002,4.46812
TEST_168,9.922557,14.419754
TEST_169,13.990755,18.003006
TEST_170,4.8351436,45.302288
TEST_171,22.700098,4.012829
TEST_172,3.6439002,17.305725
TEST_173,15.140763,29.28932
TEST_174,6.928091,35.106956
TEST_175,3.6439002,23.919085
TEST_176,27.682629,20.009853
TEST_177,22.9499,21.410337
TEST_178,21.801573,19.72522
TEST_179,5.443636,3.6712077
TEST_180,11.512922,19.711393
TEST_181,12.990113,65.938065
TEST_182,3.6439002,50.193493
TEST_183,13.156084,21.145164
TEST_184,18.069967,3.6439002
TEST_185,5.534586,17.297237
TEST_186,6.6972227,22.727285
TEST_187,34.921787,24.030172
TEST_188,16.922848,22.171682
TEST_189,30.991285,16.273382
TEST_190,21.638168,7.4899406
TEST_191,3.6439002,17.431068
TEST_192,34.05118,15.891456
TEST_193,3.6439002,52.944912
TEST_194,31.860985,52.29947
TEST_195,17.671602,3.6439002
TEST_196,22.553976,3.6439002
TEST_197,19.199871,4.5239854
TEST_198,20.915857,8.729172
TEST_199,32.41916,27.302834
TEST_200,23.351265,13.62872
TEST_201,8.967681,27.681915
TEST_202,10.17372,14.140589
TEST_203,37.612362,24.697744
TEST_204,32.19703,12.647993
TEST_205,23.593742,3.6439002
TEST_206,30.78217,36.121296
TEST_207,7.048893,16.232426
TEST_208,12.440968,25.524696
TEST_209,7.522259,13.541341
TEST_210,54.957745,41.434395
TEST_211,33.597645,19.81661
TEST_212,60.506878,8.909269
TEST_213,21.568815,17.275421
TEST_214,32.245495,31.83721
TEST_215,15.964799,12.026046
TEST_216,24.429865,47.632687
TEST_217,39.946503,13.481516
TEST_218,74.23086,4.4611154
TEST_219,9.517785,12.311162
TEST_220,40.16095,15.459559
TEST_221,86.5839,17.365414
TEST_222,50.176846,52.451065
TEST_223,3.6439002,19.604502
TEST_224,23.391142,8.076097
TEST_225,17.529604,19.508587
TEST_226,13.62872,17.34612
TEST_227,12.316892,18.264719
TEST_228,18.80851,63.00438
TEST_229,26.788858,40.305347
TEST_230,28.753525,86.5839
TEST_231,10.198544,59.740295
TEST_232,24.745356,48.714466
TEST_233,50.610302,3.6439002
TEST_234,29.613138,54.368935
TEST_235,3.6439002,23.95289
TEST_236,36.49389,16.831018
TEST_237,3.6439002,27.992134
TEST_238,29.099798,10.319034
TEST_239,26.988796,26.788858
TEST_240,27.625273,22.947609
TEST_241,26.95402,16.924856
TEST_242,26.882732,26.003744
TEST_243,12.393631,8.640584
TEST_244,7.3084316,20.915857
TEST_245,12.075073,29.099798
TEST_246,25.99932,20.028929
TEST_247,64.91551,4.2757254
TEST_248,3.6439002,9.920935
TEST_249,21.504461,45.35418
TEST_250,26.003744,43.360462
TEST_251,48.762356,3.6439002
TEST_252,10.080765,16.007383
TEST_253,3.6439002,3.6439002
TEST_254,20.512615,20.184925
TEST_255,22.53998,52.29613
TEST_256,17.30584,9.013003
TEST_257,24.898026,31.57604
TEST_258,59.35139,10.528684
TEST_259,21.152416,25.697811
TEST_260,3.6439002,11.651298
TEST_261,8.406861,7.5854177
TEST_262,15.544203,35.32581
TEST_263,12.647993,35.479298
TEST_264,12.166626,28.326502
TEST_265,12.587665,38.543854
TEST_266,33.904694,23.419252
TEST_267,3.6439002,3.6439002
TEST_268,6.4,3.6439002
TEST_269,11.296488,18.373808
TEST_270,21.146309,22.36093
TEST_271,20.055098,8.406861
TEST_272,74.12671,16.693378
TEST_273,3.6439002,7.0643816
TEST_274,11.943916,42.860836
TEST_275,54.411037,70.536064
TEST_276,3.6439002,49.849228
TEST_277,24.132586,31.860985
TEST_278,3.6439002,20.055098
TEST_279,17.294565,12.151269
TEST_280,39.566563,24.132526
TEST_281,32.42032,44.722485
TEST_282,48.379265,3.6439002
TEST_283,24.195198,7.522259
TEST_284,8.729172,17.463837
TEST_285,52.944912,3.6439002
TEST_286,52.29947,31.165903
TEST_287,3.6439002,6.3850737
TEST_288,41.508083,69.05801
TEST_289,11.920049,3.6439002
TEST_290,20.996552,10.080765
TEST_291,45.702206,3.6439002
TEST_292,3.6439002,4.961715
TEST_293,4.7401567,15.912696
TEST_294,14.991116,3.6439002
TEST_295,32.966156,10.304384
TEST_296,10.319034,3.6439002
TEST_297,30.806555,64.91551
TEST_298,16.831018,8.510311
TEST_299,39.46657,14.9206505
TEST_300,32.887157,20.123796
TEST_301,29.40854,51.06378
TEST_302,13.03757,48.02867
TEST_303,34.819855,12.986509
TEST_304,12.3643875,38.85004
TEST_305,3.6439002,23.336637
TEST_306,40.305347,24.898026
TEST_307,31.075987,3.6439002
TEST_308,18.827108,24.845192
TEST_309,69.05801,3.6439002
TEST_310,17.275421,14.2618685
TEST_311,13.33539,18.80851
TEST_312,15.143775,5.812046
TEST_313,32.070385,10.551024
TEST_314,28.178223,23.391142
TEST_315,31.458942,42.89719
TEST_316,42.89719,27.684237
TEST_317,19.292597,15.822207
TEST_318,20.16295,30.063967
TEST_319,14.720343,29.234316
TEST_320,10.855706,3.6439002
TEST_321,6.987406,3.6439002
TEST_322,16.007383,3.6439002
TEST_323,30.473583,61.659386
TEST_324,31.485167,31.458942
TEST_325,26.58592,33.597645
TEST_326,32.402943,12.166626
TEST_327,3.6439002,10.17372
TEST_328,4.5239854,30.47352
TEST_329,48.11664,3.6439002
TEST_330,53.700195,8.35436
TEST_331,12.1537895,13.087625
TEST_332,10.087399,66.34796
TEST_333,25.913057,18.802425
TEST_334,54.142597,35.25087
TEST_335,4.1832623,13.255411
TEST_336,36.57346,9.80204
TEST_337,15.535107,22.344387
TEST_338,15.826652,26.882732
TEST_339,20.028929,24.521826
TEST_340,22.730703,12.305541
TEST_341,21.74336,15.835327
TEST_342,16.693378,24.990974
TEST_343,12.334518,37.79466
TEST_344,18.802425,3.6439002
TEST_345,9.80204,6.7269464
TEST_346,28.086367,14.9082575
TEST_347,19.814898,44.238514
TEST_348,83.81156,3.6439002
TEST_349,19.731415,27.625273
TEST_350,27.302834,35.091618
TEST_351,9.525663,11.296488
TEST_352,3.6439002,24.43053
TEST_353,3.6439002,3.6439002
TEST_354,37.683353,19.814898
TEST_355,10.8555355,39.31268
TEST_356,35.78319,3.6439002
TEST_357,9.013003,23.37927
TEST_358,22.344387,8.917649
TEST_359,7.523961,21.568815
TEST_360,13.255411,3.6439002
TEST_361,4.875252,32.887157
TEST_362,46.161858,37.612362
TEST_363,3.6439002,61.884422
TEST_364,35.25087,9.525663
TEST_365,3.6439002,11.920049
TEST_366,15.891456,7.289941
TEST_367,14.2618685,3.6439002
TEST_368,12.151269,10.855706
TEST_369,42.19121,3.6439002
TEST_370,14.972719,54.411037
TEST_371,8.510311,23.152685
TEST_372,13.494356,3.6439002
TEST_373,15.459559,74.2528
TEST_374,20.52104,10.632557
TEST_375,3.6439002,60.506878
TEST_376,32.39609,15.140763
TEST_377,4.9500422,4.5488577
TEST_378,10.843322,19.199871
TEST_379,14.417887,18.099459
TEST_380,36.121296,3.6439002
TEST_381,23.37927,12.84845
TEST_382,19.604502,22.553976
TEST_383,5.8840904,21.443705
TEST_384,3.6439002,23.351265
TEST_385,24.309946,3.6439002
TEST_386,15.817682,3.6439002
TEST_387,37.245518,31.225256
TEST_388,15.083166,17.321728
TEST_389,20.00612,4.9500422
TEST_390,42.784317,30.78217
TEST_391,21.407955,37.195858
TEST_392,36.789726,39.46657
TEST_393,11.646543,10.8555355
TEST_394,19.710978,20.996552
TEST_395,70.536064,29.613138
TEST_396,13.087625,6.300762
TEST_397,16.968494,19.41693
TEST_398,6.2246013,33.807625
TEST_399,31.57604,63.45991
TEST_400,11.12937,33.343353
TEST_401,8.640584,22.063486
TEST_402,54.129684,12.713129
TEST_403,14.833969,12.587665
TEST_404,25.860655,26.115158
TEST_405,15.835327,31.075987
TEST_406,15.203391,21.152416
TEST_407,38.477833,31.93455
TEST_408,42.708977,3.6439002
TEST_409,3.6439002,15.826652
TEST_410,28.580366,7.048893
TEST_411,6.2335014,3.6439002
TEST_412,16.232426,4.1832623
TEST_413,44.722485,18.827108
TEST_414,3.6439002,7.101351
TEST_415,15.004831,14.720343
TEST_416,30.471441,3.6439002
TEST_417,21.358694,13.993696
TEST_418,20.290567,3.6439002
TEST_419,43.360462,18.85012
TEST_420,12.865957,49.216362
TEST_421,49.849228,26.988796
TEST_422,39.84817,3.6439002
TEST_423,8.542031,28.753525
TEST_424,21.708786,12.1537895
TEST_425,5.7050543,31.485167
TEST_426,17.769093,28.086355
TEST_427,18.264719,16.643555
TEST_428,15.246498,6.2246013
TEST_429,27.684237,17.671602
TEST_430,4.2757254,8.542031
TEST_431,23.419252,16.38097
TEST_432,16.470146,12.239072
TEST_433,18.373808,18.199503
TEST_434,16.302814,5.2885494
TEST_435,37.531322,74.12671
TEST_436,37.783646,17.529604
TEST_437,26.115158,32.070385
TEST_438,45.35418,24.309946
TEST_439,18.199503,4.129835
TEST_440,3.6439002,9.921122
TEST_441,13.541341,6.9981413
TEST_442,4.4611154,21.636862
TEST_443,12.239072,37.683353
TEST_444,5.2885494,18.070961
TEST_445,65.93676,15.964799
TEST_446,26.733511,26.08251
TEST_447,4.42661,3.6439002
TEST_448,47.632687,32.966156
TEST_449,23.912144,15.694396
TEST_450,33.846043,39.847485
TEST_451,10.966322,8.967681
TEST_452,3.6439002,20.442207
TEST_453,24.115046,6.6980014
TEST_454,37.79466,32.39609
TEST_455,5.7259593,12.865957
TEST_456,31.93455,32.41916
TEST_457,66.34796,22.699297
TEST_458,4.961715,15.203391
TEST_459,3.6439002,35.958157
TEST_460,13.853553,3.6439002
TEST_461,13.268237,24.115046
TEST_462,37.195858,8.279891
TEST_463,9.807252,23.492983
TEST_464,21.443705,26.247704
TEST_465,33.807625,19.97563
TEST_466,32.303,15.817682
TEST_467,45.301502,20.52104
TEST_468,19.879929,15.544203
TEST_469,8.957403,44.497383
TEST_470,6.120449,11.384538
TEST_471,51.06378,8.957403
TEST_472,7.0643816,28.580366
TEST_473,3.6439002,24.745356
TEST_474,12.84845,35.78319
TEST_475,74.2528,15.535107
TEST_476,11.141094,17.769093
TEST_477,18.099459,29.40854
TEST_478,8.370075,13.156084
TEST_479,70.81777,20.16295
TEST_480,48.02867,3.6439002
TEST_481,34.539986,45.302982
TEST_482,27.556757,40.16095
